﻿<?xml version="1.0" encoding="utf-8"?>
<BreakpointCollection xmlns:xsi="http://www.w3.org/2001/XMLSchema-instance" xmlns:xsd="http://www.w3.org/2001/XMLSchema">
  <Breakpoints>
    <Breakpoint>
      <Version>15</Version>
      <IsEnabled>1</IsEnabled>
      <IsVisible>1</IsVisible>
      <IsEmulated>0</IsEmulated>
      <IsCondition>0</IsCondition>
      <IsProductionBps>0</IsProductionBps>
      <ConditionType>WhenTrue</ConditionType>
      <LocationType>SourceLocation</LocationType>
      <TextPosition>
        <Version>4</Version>
        <FileName>.\Demo\Program.cs</FileName>
        <startLine>24</startLine>
        <StartColumn>12</StartColumn>
        <EndLine>24</EndLine>
        <EndColumn>47</EndColumn>
        <MarkerId>0</MarkerId>
        <IsLineBased>0</IsLineBased>
        <IsDocumentPathNotFound>0</IsDocumentPathNotFound>
        <ShouldUpdateTextSpan>1</ShouldUpdateTextSpan>
        <Checksum>
          <Version>1</Version>
          <Algorithm>00000000-0000-0000-0000-000000000000</Algorithm>
          <ByteCount>0</ByteCount>
          <Bytes />
        </Checksum>
      </TextPosition>
      <NamedLocationText>Demo.Program.Main(string[] args)</NamedLocationText>
      <NamedLocationLine>18</NamedLocationLine>
      <NamedLocationColumn>0</NamedLocationColumn>
      <HitCountType>NoHitCount</HitCountType>
      <HitCountTarget>1</HitCountTarget>
      <Language>3f5162f8-07c6-11d3-9053-00c04fa302a1</Language>
      <IsMapped>0</IsMapped>
      <BreakpointType>PendingBreakpoint</BreakpointType>
      <AddressLocation>
        <Version>0</Version>
        <MarkerId>0</MarkerId>
        <FunctionLine>0</FunctionLine>
        <FunctionColumn>0</FunctionColumn>
        <Language>00000000-0000-0000-0000-000000000000</Language>
      </AddressLocation>
      <DataCount>4</DataCount>
      <IsTracepointActive>0</IsTracepointActive>
      <TracepointTargetType>VsOutputWindow</TracepointTargetType>
      <TimeTravelTraceMarker>NoTracing</TimeTravelTraceMarker>
      <IsBreakWhenHit>1</IsBreakWhenHit>
      <IsRunMacroWhenHit>0</IsRunMacroWhenHit>
      <UseChecksum>1</UseChecksum>
      <Labels />
      <RequestRemapped>0</RequestRemapped>
      <IsSnapshotWhenHit>1</IsSnapshotWhenHit>
      <SnapshotCountTarget>1</SnapshotCountTarget>
      <parentIndex>-1</parentIndex>
    </Breakpoint>
    <Breakpoint>
      <Version>15</Version>
      <IsEnabled>1</IsEnabled>
      <IsVisible>1</IsVisible>
      <IsEmulated>0</IsEmulated>
      <IsCondition>0</IsCondition>
      <IsProductionBps>0</IsProductionBps>
      <ConditionType>WhenTrue</ConditionType>
      <LocationType>SourceLocation</LocationType>
      <TextPosition>
        <Version>4</Version>
        <FileName>.\Demo\Program.cs</FileName>
        <startLine>29</startLine>
        <StartColumn>12</StartColumn>
        <EndLine>29</EndLine>
        <EndColumn>45</EndColumn>
        <MarkerId>0</MarkerId>
        <IsLineBased>0</IsLineBased>
        <IsDocumentPathNotFound>0</IsDocumentPathNotFound>
        <ShouldUpdateTextSpan>1</ShouldUpdateTextSpan>
        <Checksum>
          <Version>1</Version>
          <Algorithm>00000000-0000-0000-0000-000000000000</Algorithm>
          <ByteCount>0</ByteCount>
          <Bytes />
        </Checksum>
      </TextPosition>
      <NamedLocationText>Demo.Program.Main(string[] args)</NamedLocationText>
      <NamedLocationLine>23</NamedLocationLine>
      <NamedLocationColumn>0</NamedLocationColumn>
      <HitCountType>NoHitCount</HitCountType>
      <HitCountTarget>1</HitCountTarget>
      <Language>3f5162f8-07c6-11d3-9053-00c04fa302a1</Language>
      <IsMapped>0</IsMapped>
      <BreakpointType>PendingBreakpoint</BreakpointType>
      <AddressLocation>
        <Version>0</Version>
        <MarkerId>0</MarkerId>
        <FunctionLine>0</FunctionLine>
        <FunctionColumn>0</FunctionColumn>
        <Language>00000000-0000-0000-0000-000000000000</Language>
      </AddressLocation>
      <DataCount>4</DataCount>
      <IsTracepointActive>0</IsTracepointActive>
      <TracepointTargetType>VsOutputWindow</TracepointTargetType>
      <TimeTravelTraceMarker>NoTracing</TimeTravelTraceMarker>
      <IsBreakWhenHit>1</IsBreakWhenHit>
      <IsRunMacroWhenHit>0</IsRunMacroWhenHit>
      <UseChecksum>1</UseChecksum>
      <Labels />
      <RequestRemapped>0</RequestRemapped>
      <IsSnapshotWhenHit>1</IsSnapshotWhenHit>
      <SnapshotCountTarget>1</SnapshotCountTarget>
      <parentIndex>-1</parentIndex>
    </Breakpoint>
    <Breakpoint>
      <Version>15</Version>
      <IsEnabled>1</IsEnabled>
      <IsVisible>1</IsVisible>
      <IsEmulated>0</IsEmulated>
      <IsCondition>0</IsCondition>
      <IsProductionBps>0</IsProductionBps>
      <ConditionType>WhenTrue</ConditionType>
      <LocationType>SourceLocation</LocationType>
      <TextPosition>
        <Version>4</Version>
        <FileName>.\Demo\Program.cs</FileName>
        <startLine>34</startLine>
        <StartColumn>12</StartColumn>
        <EndLine>34</EndLine>
        <EndColumn>39</EndColumn>
        <MarkerId>0</MarkerId>
        <IsLineBased>0</IsLineBased>
        <IsDocumentPathNotFound>0</IsDocumentPathNotFound>
        <ShouldUpdateTextSpan>1</ShouldUpdateTextSpan>
        <Checksum>
          <Version>1</Version>
          <Algorithm>00000000-0000-0000-0000-000000000000</Algorithm>
          <ByteCount>0</ByteCount>
          <Bytes />
        </Checksum>
      </TextPosition>
      <NamedLocationText>Demo.Program.Main(string[] args)</NamedLocationText>
      <NamedLocationLine>28</NamedLocationLine>
      <NamedLocationColumn>0</NamedLocationColumn>
      <HitCountType>NoHitCount</HitCountType>
      <HitCountTarget>1</HitCountTarget>
      <Language>3f5162f8-07c6-11d3-9053-00c04fa302a1</Language>
      <IsMapped>0</IsMapped>
      <BreakpointType>PendingBreakpoint</BreakpointType>
      <AddressLocation>
        <Version>0</Version>
        <MarkerId>0</MarkerId>
        <FunctionLine>0</FunctionLine>
        <FunctionColumn>0</FunctionColumn>
        <Language>00000000-0000-0000-0000-000000000000</Language>
      </AddressLocation>
      <DataCount>4</DataCount>
      <IsTracepointActive>0</IsTracepointActive>
      <TracepointTargetType>VsOutputWindow</TracepointTargetType>
      <TimeTravelTraceMarker>NoTracing</TimeTravelTraceMarker>
      <IsBreakWhenHit>1</IsBreakWhenHit>
      <IsRunMacroWhenHit>0</IsRunMacroWhenHit>
      <UseChecksum>1</UseChecksum>
      <Labels />
      <RequestRemapped>0</RequestRemapped>
      <IsSnapshotWhenHit>1</IsSnapshotWhenHit>
      <SnapshotCountTarget>1</SnapshotCountTarget>
      <parentIndex>-1</parentIndex>
    </Breakpoint>
  </Breakpoints>
</BreakpointCollection>